Workbook

Sheet Utility Research
A1: Utility | B1: State | C1: Consumer Base / Scale | D1: Smart Meter Initiative | E1: Smart Meters Sanctioned | F1: Smart Meters Awarded | G1: Smart Meters Delivered | H1: Smart Meters Installed | I1: Charged Meters | J1: Communicating Meters | K1: Prepaid Mode | L1: Annual Target | M1: Award Rate (INR/unit) | N1: Award Cost (INR Lakh) | O1: Award Cost (INR Cr) | P1: Rollout Status | Q1: AMISP / Technology Partner | R1: Tender / Procurement Information | S1: Contract / Package Detail | T1: Reporting Period | U1: Dashboard Last Updated | V1: Dashboard Source Link | W1: AMISP / Procurement Source Link | X1: Additional Source Link | Y1: Notes
A2: Maharashtra State Electricity Distribution Co. Ltd. (MSEDCL) | B2: Maharashtra | C2: Large state-wide electricity distribution utility | D2: RDSS Smart Metering | E2: 22924199 | F2: 24192399 | G2: 13571410 | H2: 13078342 | J2: 13078342 | K2: 0 | L2: 0 | N2: 2862287.6 | O2: 28622.876 | P2: Ongoing | Q2: Multiple — Adani Energy Solutions Ltd., NCC Ltd., Montecarlo Ltd., Genus Power Infrastructures Ltd. | R2: MSEDCL awarded multiple AMISP packages in 2023. The 2022 Tender No. MMD/T-NSC-05/0922 was later cancelled; therefore it is historical context, not the final award document. | S2: Multiple AMISP packages; current AMISP agencies identified from MSEDCL material and market sources. | T2: FY 2027 - September | U2: 2 August 2026 | V2: https://www.rdss.powermin.gov.in/sm-districtwise-data | W2: https://www.rdss.powermin.gov.in/sm-districtwise-data | X2: https://www.mahadiscom.in/en/tender-cancellation-notice-of-tender-no-mmd-t-nsc-05-0922mmd-t-nsc-06-0922-and-mmd-t-nsc-07-0922-for-appointment-of-advanced-metering-infrastructure-service-provider-amisp-for-smart-2/ | Y2: Figures are recorded exactly as displayed in the RDSS MIS report. Awarded quantity is higher than sanctioned quantity in the displayed data; do not alter without verification.
A3: Andhra Pradesh Southern Power Distribution Company Ltd. (APSPDCL) | B3: Andhra Pradesh | C3: Southern Andhra Pradesh distribution utility | D3: RDSS Smart Metering | E3: 2414631 | F3: 2308432 | H3: 1167266 | J3: 1122677 | K3: 0 | L3: 0 | N3: 435242.76 | O3: 4352.4276 | P3: Ongoing | Q3: Multiple — Shiridi Sai Electricals, Adani Energy Solutions Ltd. (AESL/Adani Transmission) | R3: Agreement No. 05/2023-24 dated 10-Jul-2023; AMISP appointment for 13,20,419 smart meters in TOTEX mode on DBFOOT under RDSS. Adani project page reports 1.3 million meters, ₹18.0 billion contract value and 120 months. | S3: Adani package: 13,20,419 meters; ₹1,800 Cr; 120 months; DBFOOT; award June & September 2023; Nellore, Chittoor, Kadapa, Anantapuram & Kurnool. | T3: FY 2027 - September | U3: 2 August 2026 | V3: https://www.rdss.powermin.gov.in/sm-districtwise-data | W3: https://www.adanienergysolutions.com/smart-metering/apspdcl | X3: https://www.apeasternpower.com/MqKfcSkRsjsSlg0NlDDHYCT7dKQ%3D?fileName=STATE+ELECTRICITY+PLAN.pdf&filePath=%2Fupload%2FExternal_Files%2F%2FRegulatory%2FAPERC_RELATED%28TARIFF%2CFSA%29%2F | Y3: Current FY2027 Sep dashboard: sanctioned 24,14,631, installed 11,67,266, communicating 11,22,677. Awarded 23,08,432 is from the Sep-2025 smart-consumer-metering status snapshot, so it is historical and not a same-snapshot figure. Adani package itself is 13,20,419 meters. Delivered is left blank because no current authoritative delivered figure was found.
A4: Andhra Pradesh Eastern Power Distribution Company Ltd. (APEPDCL) | B4: Andhra Pradesh | C4: Eastern Andhra Pradesh distribution utility | D4: RDSS Smart Metering | E4: 1336375 | F4: 1336375 | G4: 1153646 | H4: 1010870 | I4: 967821 | J4: 955881 | K4: 0 | L4: 0 | M4: 14058.04 | N4: 187868.17 | O4: 1878.6817 | P4: Ongoing | Q4: Multiple — Shiridi Sai Electricals, Adani Energy Solutions Ltd. (AESL) | R4: RDSS smart-metering packages under APEPDCL; State Electricity Plan reports AMISP Phase I and Phase II plus agricultural consumers, with total awarded quantity 13,36,375. | S4: APEPDCL total: 13,36,375 awarded; State Electricity Plan reports award cost ₹1,901 Cr and historical received/installed figures. AESL separately reports a 10.78-lakh-meter APEPDCL project. | T4: FY 2027 - September | U4: 2 August 2026 | V4: https://www.rdss.powermin.gov.in/sm-districtwise-data | W4: https://www.adanienergysolutions.com/digital-reports/energy-solution/2026/portfolio-and-presence.html | X4: https://www.apeasternpower.com/MqKfcSkRsjsSlg0NlDDHYCT7dKQ%3D?fileName=STATE+ELECTRICITY+PLAN.pdf&filePath=%2Fupload%2FExternal_Files%2F%2FRegulatory%2FAPERC_RELATED%28TARIFF%2CFSA%29%2F | Y4: Current dashboard values are primary for September FY2027. AMISP names are supported by the Sep-2025 RDSS status snapshot and AESL portfolio; the State Electricity Plan supports package quantities/costs.
A5: North Bihar Power Distribution Company Ltd. (NBPDCL) | B5: Bihar | C5: Northern Bihar distribution utility | D5: RDSS Smart Metering | E5: 1177489 | F5: 1168546 | G5: 1028047 | H5: 1023804 | I5: 1017414 | J5: 1016824 | K5: 1016222 | L5: 0 | M5: 18104.82 | N5: 211563.09 | O5: 2115.6309 | P5: Ongoing | Q5: Multiple — Secure Meters, Adani Energy Solutions, NCC, Hi-Print | R5: NBPDCL smart-meter procurement includes multiple AMISP/vendor projects. NBPDCL’s official smart-meter page identifies vendor-specific consumer portals; a BERC filing records Secure Meters as L1 for the initial 26-lakh phase. | S5: Current RDSS AMISP/SI status identifies Secure Meters, Adani, NCC and Hi-Print; NBPDCL official smart-meter page confirms vendor-specific smart-meter support for NCC and Hi-Print. | T5: FY 2027 - September | U5: 2 August 2026 | V5: https://www.rdss.powermin.gov.in/sm-districtwise-data | W5: https://nbpdcl.co.in/sm_meter_vendor.aspx | X5: https://nbpdcl.co.in/Tariff_Regulation_PDF/291/K.%209823/RESPONSE%20%20OF%20%20BERC%20LETTER%20NO.%201010%20%20%20DATED%2030.11.2023.PDF | Y5: Current dashboard values are primary. The AMISP list is supported by Bihar smart-meter project material: Secure Meters, Adani, NCC and Hi-Print are identified across NBPDCL projects. Treat this as project/vendor participation context rather than assuming all four belong to one identical current dashboard package.
A6: Uttarakhand Power Corporation Ltd. (UPCL) | B6: Uttarakhand | C6: State-wide Uttarakhand distribution utility | D6: RDSS Smart Metering | E6: 1649684 | F6: 1649684 | G6: 110607 | H6: 705181 | I6: 705244 | J6: 705244 | K6: 1907 | L6: 57839 | M6: 12287.14 | N6: 202699.06 | O6: 2026.9906 | P6: Ongoing | Q6: Multiple — Garhwal Smart Metering Pvt. Ltd. (Genus-backed), Adani Energy Solutions Ltd. | R6: UPCL smart-metering is split between Garhwal and Kumaon packages under DBFOOT/TOTEX-style AMISP arrangements. UERC material dated Dec-2025 identifies GSMPL and Adani Energy Solutions as the two AMISP entities. | S6: Garhwal: GSMPL, 9,94,379 meters, contract signed Mar-2024, 120 months; Genus provides EPC/O&M. Kumaon: Adani Energy Solutions, 6,55,305 meters; combined scope = 16,49,684. | T6: FY 2027 - September | U6: 2 August 2026 | V6: https://www.rdss.powermin.gov.in/sm-districtwise-data | W6: https://cdnbbsr.s3waas.gov.in/s3cf05968255451bdefe3c5bc64d550517/uploads/2026/03/202603311394829151.pdf | X6: https://www.icra.in/Rating/GetRationalReportFilePdf?id=140745 | Y6: Dashboard reports Delivered 1,10,607 versus Installed 7,05,181 and Charged/Communicating 7,05,244; figures are retained exactly as displayed and flagged rather than reconciled. ICRA reports Dec-2025 Garhwal progress separately.

Sheet MSEDCL Analysis
A1: Metric | B1: Value | C1: Formula / Interpretation
A2: Sanctioned consumer meters | B2: ='Utility Research'!E2 -> 22924199 | C2: RDSS MIS report
A3: Awarded consumer meters | B3: ='Utility Research'!F2 -> 24192399 | C3: RDSS MIS report
A4: Delivered consumer meters | B4: ='Utility Research'!G2 -> 13571410 | C4: RDSS MIS report
A5: Installed consumer meters | B5: ='Utility Research'!H2 -> 13078342 | C5: RDSS MIS report
A6: Communicating meters | B6: ='Utility Research'!J2 -> 13078342 | C6: RDSS MIS report
A7: Installation / sanctioned | B7: =B5/B2 -> 0.57050377 | C7: Installed ÷ sanctioned
A8: Delivered / sanctioned | B8: =B4/B2 -> 0.5920124 | C8: Delivered ÷ sanctioned
A9: Installed / delivered | B9: =B5/B4 -> 0.96366862 | C9: Installed ÷ delivered
A10: Awarded / sanctioned | B10: =B3/B2 -> 1.0553215 | C10: Awarded ÷ sanctioned
A11: Award cost (INR Cr) | B11: ='Utility Research'!O2 -> 28622.876 | C11: INR Lakh ÷ 100
A12: Reporting period | B12: ='Utility Research'!T2 -> FY 2027 - September | C12: As displayed in dashboard
A13: Dashboard last updated | B13: ='Utility Research'!U2 -> 2 August 2026 | C13: As displayed in dashboard

Sheet Methodology
A1: Item | B1: Definition / Rule
A2: Project objective | B2: Compare smart-meter deployment and AMISP/procurement patterns across five selected Indian DISCOMs using a consistent September FY2027 RDSS dashboard snapshot plus utility/regulatory/corporate sources.
A3: Primary dataset | B3: Ministry of Power / REC / PFC RDSS MIS Smart Metering dashboard, DISCOM level, FY2027, September. Dashboard page states last updated 2 August 2026.
A4: Units | B4: Dashboard cost is in INR lakh. Workbook converts to INR crore using 100 lakh = 1 crore. Meter quantities are stored as whole numbers.
A5: Current vs historical sources | B5: Current dashboard values are treated as the primary current snapshot. Older tender, regulatory and corporate documents are used only to explain procurement, AMISP identity, package structure and historical progress.
A6: AMISP terminology | B6: The workbook uses “AMISP / Technology Partner” as a practical field label, but notes distinguish AMISP/SPV/EPC-O&M roles where the source provides that detail.
A7: Data integrity rule | B7: Every utility has a dashboard source link plus supporting AMISP/procurement links. Where a source is historical, the workbook explicitly labels the reporting date and does not present it as the current dashboard snapshot.
A8: Source-link rule | B8: Every researched utility has a dashboard source link plus an AMISP/procurement source link and, where useful, an additional supporting link. The Sources & Notes sheet contains the same links with descriptions of what each source supports.
A9: Interpretation caution | B9: Award cost figures can differ across reporting scopes and dates. Do not compare a package contract value from a corporate project page directly with the RDSS dashboard awarded cost unless the scope and reporting basis match.
A10: Selected utilities | B10: MSEDCL (Maharashtra), APSPDCL and APEPDCL (Andhra Pradesh), NBPDCL (Bihar), and UPCL (Uttarakhand).

Sheet Comparison
A1: Utility | B1: State/Region | C1: Smart Meters Sanctioned | D1: Smart Meters Awarded | E1: Smart Meters Delivered | F1: Smart Meters Installed | G1: Charged Meters | H1: Communicating Meters | I1: Prepaid Mode | J1: Annual Target | K1: Award Cost (INR Cr) | L1: Installed / Sanctioned | M1: Communicating / Installed | N1: Prepaid / Communicating
A2: Maharashtra State Electricity Distribution Co. Ltd. (MSEDCL) | C2: 22924199 | D2: 24192399 | E2: 13571410 | F2: 13078342 | H2: 13078342 | I2: 0 | J2: 0 | K2: 28622.876 | L2: =IFERROR(F2/C2,"") -> 0.57050377 | M2: =IFERROR(H2/F2,"") -> 1 | N2: =IFERROR(I2/H2,"") -> 0
A3: Andhra Pradesh Southern Power Distribution Company Ltd. (APSPDCL) | C3: 2414631 | D3: 2308432 | F3: 1167266 | H3: 1122677 | I3: 0 | J3: 0 | K3: 4352.4276 | L3: =IFERROR(F3/C3,"") -> 0.48341382 | M3: =IFERROR(H3/F3,"") -> 0.96180048 | N3: =IFERROR(I3/H3,"") -> 0
A4: Andhra Pradesh Eastern Power Distribution Company Ltd. (APEPDCL) | C4: 1336375 | D4: 1336375 | E4: 1153646 | F4: 1010870 | G4: 967821 | H4: 955881 | I4: 0 | J4: 0 | K4: 1878.6817 | L4: =IFERROR(F4/C4,"") -> 0.7564269 | M4: =IFERROR(H4/F4,"") -> 0.9456023 | N4: =IFERROR(I4/H4,"") -> 0
A5: North Bihar Power Distribution Company Ltd. (NBPDCL) | C5: 1177489 | D5: 1168546 | E5: 1028047 | F5: 1023804 | G5: 1017414 | H5: 1016824 | I5: 1016222 | J5: 0 | K5: 2115.6309 | L5: =IFERROR(F5/C5,"") -> 0.86948073 | M5: =IFERROR(H5/F5,"") -> 0.99318229 | N5: =IFERROR(I5/H5,"") -> 0.99940796
A6: Uttarakhand Power Corporation Ltd. (UPCL) | C6: 1649684 | D6: 1649684 | E6: 110607 | F6: 705181 | G6: 705244 | H6: 705244 | I6: 1907 | J6: 57839 | K6: 2026.9906 | L6: =IFERROR(F6/C6,"") -> 0.42746429 | M6: =IFERROR(H6/F6,"") -> 1.0000893 | N6: =IFERROR(I6/H6,"") -> 0.0027040287

Sheet Findings
B1: Key Findings
A3: 1 | B3: NBPDCL has very high communicating and prepaid meter counts compared with its installed meters.
A4: 2 | B4: APEPDCL has a high installed-to-sanctioned progress and most installed meters are communicating.
A5: 3 | B5: UPCL dashboard data contains an unusual delivered-versus-installed difference; the source figures should be retained with a note.
A6: 4 | B6: The AMISP market is shared among multiple companies across the selected DISCOMs, including Adani, Genus/GSMPL, NCC, Secure Meters, Hi-Print and Montecarlo.
A7: 5 | B7: The main quantitative comparison uses the FY2027 September RDSS MIS dashboard; older documents are used only for supporting procurement/AMISP details.
